data_size (log base 10), time_seq, time_parallel_1, time_parallel_2, speedup1,speedup2
9,35.395422,29.491622,29.188446,1.2001856663,1.2126518144
8,3.490682,3.014184,2.952571,1.1580852397,1.1822516715
7,0.366141,0.305616,0.313129,1.1980426417,1.1692976377
6,0.031473,0.029124,0.022613,1.0806551298,1.3918100208
5,0.003093,0.002066,0.00227,1.4970958374,1.3625550661
